{
    "meta": {
        "video_path": "sample_video.mp4",
        "query": "바닥에 떨어진 신용카드",
        "sub_queries": [
            "Credit card lying on the floor"
        ],
        "split_reason": "[Gemini API] 단일 객체(신용카드)의 상태를 묘사하는 쿼리이므로 분할하지 않았습니다.",
        "parameters": {
            "p": 2.0,
            "q": 12,
            "k": 3
        },
        "model": "Clip",
        "timestamp": "20260121_155502"
    },
    "time_used": {
        "total_time": 61.68,
        "init_time": 3.67,
        "model_manager_init_time": 3.64,
        "clip_load_time": 3.64,
        "blip_load_time": 0.0,
        "video_processor_init_time": 0.03,
        "api_call_time": 3.95,
        "frame_extraction_time": 35.87,
        "clip_inference_time": 15.89,
        "blip_inference_time": 0.0,
        "total_search_time": 54.06
    },
    "results": [
        {
            "start": 14.0,
            "end": 16.0,
            "timestamp": "0:00:14 - 0:00:16",
            "raw_score": 0.26531392335891724,
            "clip_score_norm": 26.12556934356689,
            "frame_scores": {
                "query_0": [
                    0.2065967470407486,
                    0.20344924926757812,
                    0.19650408625602722,
                    0.19902187585830688,
                    0.29092106223106384,
                    0.276408851146698,
                    0.27020296454429626,
                    0.28109586238861084,
                    0.31018635630607605,
                    0.2934176027774811,
                    0.3302755355834961,
                    0.32568684220314026
                ]
            }
        },
        {
            "start": 26.0,
            "end": 28.0,
            "timestamp": "0:00:26 - 0:00:28",
            "raw_score": 0.2515943944454193,
            "clip_score_norm": 20.63775777816772,
            "frame_scores": {
                "query_0": [
                    0.25370240211486816,
                    0.2508038580417633,
                    0.243755042552948,
                    0.2511752247810364,
                    0.255609393119812,
                    0.2572736144065857,
                    0.2566647529602051,
                    0.25001460313796997,
                    0.25493499636650085,
                    0.2528759837150574,
                    0.2509937882423401,
                    0.2413291186094284
                ]
            }
        },
        {
            "start": 50.0,
            "end": 52.0,
            "timestamp": "0:00:50 - 0:00:52",
            "raw_score": 0.24673575162887573,
            "clip_score_norm": 18.69430065155029,
            "frame_scores": {
                "query_0": [
                    0.22364135086536407,
                    0.24622461199760437,
                    0.2434503138065338,
                    0.25454404950141907,
                    0.25115838646888733,
                    0.248065784573555,
                    0.2509230971336365,
                    0.2566830813884735,
                    0.2520597577095032,
                    0.24471962451934814,
                    0.2453230321407318,
                    0.24403610825538635
                ]
            }
        }
    ]
}